community_id,ideas_by_members,comments_by_members,votes_by_members,contributors_by_members,attended_ideas_by_ideas,ideas_attended_by_votes_by_ideas,ideas_attended_by_comments_by_ideas,ideas_attended_by_votes_and_comments_by_ideas,attended_comments_by_comments,replies_by_comments,median_response_time_comments_hs,irrelevant_ideas_by_ideas,tags_by_ideas,newcomer_ideas_by_ideas,attended_newcomer_ideas_by_newcomer_ideas,moderator_ideas_by_ideas,moderator_comments_by_comments,moderator_votes_by_votes,moderators_by_members,moderator_ideas_by_interventions,moderator_comments_by_interventions,moderator_votes_by_interventions
14912,0.545,0.803,4.000,0.833,0.813,0.423,0.000,0.577,0.0286,0.0286,172,0.000,1.781,0.844,0.815,0.000,0.000,0.000,0.0152,0.000,0.000,0.000
14670,1.087,0.870,8.870,0.739,1.000,0.600,0.000,0.400,0.0000,0.0000,-999,0.000,0.300,1.000,1.000,0.240,0.050,0.074,0.0435,0.273,0.045,0.682
4022,0.238,0.315,0.823,0.585,0.957,0.364,0.045,0.591,0.0000,0.0000,-999,0.043,0.565,0.565,0.923,0.097,0.244,0.065,0.0308,0.150,0.500,0.350
27289,0.255,0.064,5.990,0.902,1.000,0.720,0.000,0.280,0.0000,0.0000,-999,0.000,5.240,1.000,1.000,0.000,0.000,0.000,0.0000,0.000,0.000,0.000
31295,7.636,0.636,4.545,0.545,0.392,0.774,0.097,0.129,0.0000,0.0000,-999,0.000,0.354,1.000,0.392,0.464,0.286,0.240,0.0909,0.736,0.038,0.226
8097,0.370,0.704,1.654,0.494,0.964,0.185,0.111,0.704,0.0000,0.0000,-999,0.071,0.036,1.000,0.964,0.000,0.000,0.000,0.0123,0.000,0.000,0.000
11269,3.917,1.000,0.833,0.583,0.267,0.167,0.417,0.417,0.0000,0.0000,-999,0.000,0.022,1.000,0.267,0.830,0.750,0.300,0.0833,0.765,0.176,0.059
18951,0.518,0.885,13.244,0.907,0.993,0.476,0.003,0.521,0.1114,0.1359,9,0.088,2.299,0.969,0.993,0.035,0.019,0.000,0.0017,0.478,0.435,0.087
18958,0.483,1.043,5.603,0.862,0.981,0.314,0.000,0.686,0.1053,0.1368,38.5,0.000,3.288,0.962,0.980,0.000,0.000,0.000,0.0086,0.000,0.000,0.000
21401,0.457,1.786,4.157,0.871,1.000,0.031,0.094,0.875,0.1071,0.1071,179,0.000,5.500,1.000,1.000,0.063,0.024,0.034,0.0143,0.133,0.200,0.667
18813,2.114,1.143,2.457,0.343,0.681,0.468,0.064,0.468,0.0571,0.0571,0,0.000,0.058,1.000,0.681,0.189,0.300,0.233,0.0286,0.304,0.261,0.435
19157,0.504,1.049,2.931,0.601,0.953,0.244,0.101,0.655,0.0506,0.0699,130.5,0.105,0.936,0.997,0.953,0.000,0.047,0.000,0.0029,0.000,0.971,0.029
32832,5.000,0.556,3.556,0.889,0.356,0.813,0.063,0.125,0.0000,0.0000,-999,0.000,0.000,1.000,0.356,0.956,0.000,0.000,0.1111,1.000,0.000,0.000
12933,0.667,0.719,0.965,0.579,0.757,0.179,0.321,0.500,0.0000,0.0000,-999,0.000,0.351,1.000,0.757,0.158,0.098,0.091,0.0175,0.400,0.267,0.333
20288,5.588,3.588,3.529,0.706,0.505,0.396,0.104,0.500,0.0167,0.0167,0,0.011,1.916,1.000,0.505,0.347,0.148,0.300,0.1176,0.550,0.150,0.300
28537,0.630,1.442,9.896,0.617,0.973,0.268,0.042,0.690,0.0345,0.0345,164,0.000,1.425,1.000,0.973,0.041,0.045,0.022,0.0065,0.083,0.208,0.708
3339,0.608,0.454,1.750,0.319,0.721,0.413,0.032,0.554,0.0280,0.0313,29,0.332,2.417,0.931,0.702,0.017,0.086,0.014,0.0078,0.138,0.528,0.333
7121,6.000,2.778,17.778,0.556,1.000,0.532,0.000,0.468,0.0000,0.0000,-999,0.000,2.319,1.000,1.000,0.000,0.000,0.000,0.1111,0.000,0.000,0.000
27373,3.679,3.750,13.571,0.786,0.500,0.273,0.000,0.727,0.0000,0.0000,-999,0.000,5.523,1.000,0.500,0.243,0.019,0.058,0.0357,0.510,0.041,0.449
25467,0.817,2.983,12.583,0.850,0.957,0.111,0.000,0.889,0.1875,0.2014,6,0.000,2.957,1.000,0.957,0.000,0.000,0.000,0.0167,0.000,0.000,0.000
28268,0.446,0.138,4.723,0.969,1.000,0.944,0.000,0.056,0.0000,0.0000,-999,0.000,4.111,1.000,1.000,0.000,0.000,0.000,0.0000,0.000,0.000,0.000
13016,1.250,0.393,0.929,0.893,0.543,0.526,0.316,0.158,0.0000,0.0000,-999,0.086,0.257,1.000,0.543,0.114,0.727,0.038,0.0357,0.308,0.615,0.077
18257,4.000,1.636,8.000,0.727,0.950,0.684,0.053,0.263,0.0000,0.0000,-999,0.000,0.000,1.000,0.950,0.000,0.000,0.000,0.0909,0.000,0.000,0.000
14079,0.508,0.356,8.373,0.966,0.967,0.621,0.000,0.379,0.0000,0.0000,-999,0.000,0.267,0.967,0.966,0.000,0.000,0.000,0.0000,0.000,0.000,0.000
10806,1.000,0.385,3.154,0.500,0.923,0.667,0.000,0.333,0.1111,0.1111,3,0.000,2.077,1.000,0.923,0.154,0.000,0.159,0.0385,0.235,0.000,0.765
28807,4.289,0.633,1.089,0.400,0.194,0.619,0.111,0.270,0.0000,0.0000,-999,0.000,0.022,1.000,0.194,0.832,0.018,0.000,0.0222,0.997,0.003,0.000
17651,2.864,18.000,7.500,0.500,0.952,0.000,0.400,0.600,0.0320,0.0320,108,0.000,3.143,1.000,0.952,0.302,0.025,0.000,0.0000,0.655,0.345,0.000
6596,4.167,3.000,7.167,0.833,0.957,0.591,0.045,0.364,0.0000,0.0000,-999,0.043,0.000,1.000,0.957,0.000,0.000,0.000,0.1667,0.000,0.000,0.000
4178,0.595,0.796,6.661,0.689,0.917,0.440,0.036,0.524,0.0649,0.1222,161,0.113,2.133,0.004,1.000,0.000,0.000,0.000,0.0009,0.000,0.000,0.000
3779,0.509,1.245,16.625,0.820,0.984,0.473,0.008,0.519,0.1053,0.1726,20,0.048,2.163,0.898,0.984,0.009,0.012,0.000,0.0007,0.172,0.577,0.252
17552,0.424,0.220,1.697,0.795,0.698,0.633,0.033,0.333,0.0500,0.0500,2877,0.000,4.395,1.000,0.698,0.000,0.000,0.000,0.0076,0.000,0.000,0.000
12985,0.778,0.800,0.200,0.800,0.448,0.231,0.462,0.308,0.0000,0.0000,-999,0.000,1.345,1.000,0.448,0.029,0.000,0.000,0.0222,1.000,0.000,0.000
4656,0.097,0.220,0.275,0.064,1.000,0.217,0.000,0.783,0.0000,0.0000,-999,0.000,2.957,0.696,1.000,0.391,0.000,0.000,0.0042,1.000,0.000,0.000
3146,0.765,0.853,2.353,0.588,0.905,0.368,0.000,0.632,0.0000,0.0000,-999,0.000,1.810,0.857,0.889,0.231,0.172,0.100,0.0294,0.316,0.263,0.421
15106,1.071,0.400,6.224,0.724,0.873,0.731,0.000,0.269,0.0200,0.0200,3143,0.000,1.078,0.843,0.871,0.000,0.000,0.000,0.0059,0.000,0.000,0.000
17983,1.750,5.350,5.800,0.850,1.000,0.276,0.000,0.724,0.1395,0.1395,45,0.000,1.310,1.000,1.000,0.086,0.140,0.121,0.0500,0.094,0.469,0.438
14692,0.836,2.844,8.274,0.590,0.925,0.152,0.003,0.845,0.1235,0.1425,76.5,0.073,3.160,0.999,0.925,0.000,0.001,0.000,0.0002,0.000,1.000,0.000
14754,1.283,1.962,9.446,0.929,0.936,0.489,0.032,0.480,0.0318,0.0376,55,0.000,1.606,0.970,0.939,0.000,0.022,0.001,0.0054,0.000,0.889,0.111
2549,1.801,1.090,14.237,0.904,0.992,0.649,0.000,0.351,0.0161,0.0161,581,0.008,1.244,0.884,0.991,0.018,0.229,0.014,0.0321,0.068,0.527,0.405
2548,0.916,0.705,16.090,0.871,1.000,0.575,0.001,0.424,0.0339,0.0533,116,0.016,1.655,0.995,1.000,0.102,0.314,0.060,0.0062,0.073,0.173,0.754
12013,0.649,0.324,2.811,0.622,0.708,0.647,0.000,0.353,0.0000,0.0000,-999,0.042,0.000,1.000,0.708,0.083,0.083,0.000,0.0270,0.667,0.333,0.000
17253,0.794,0.176,2.598,0.784,0.886,0.814,0.000,0.186,0.0000,0.0000,-999,0.013,3.570,0.962,0.882,0.000,0.000,0.000,0.0000,0.000,0.000,0.000
528,0.515,0.727,2.091,0.758,0.909,0.367,0.033,0.600,0.0000,0.0000,-999,0.182,0.667,0.788,0.885,0.000,0.000,0.000,0.0152,0.000,0.000,0.000
7886,0.339,0.211,1.832,0.466,0.802,0.605,0.049,0.346,0.0161,0.0161,0,0.059,0.624,1.000,0.802,0.000,0.270,0.000,0.0101,0.000,1.000,0.000
3581,1.391,2.595,55.922,0.929,1.000,0.368,0.002,0.630,0.0041,0.0041,2300,0.036,0.798,0.926,1.000,0.218,0.146,0.008,0.0023,0.265,0.331,0.405
20627,0.333,0.211,7.582,0.912,1.000,0.600,0.000,0.400,0.0385,0.0385,24,0.000,3.711,0.800,1.000,0.000,0.073,0.011,0.0000,0.000,0.160,0.840
16950,4.538,4.231,32.308,0.769,1.000,0.549,0.000,0.451,0.0968,0.0968,716,0.000,3.059,1.000,1.000,0.000,0.000,0.000,0.0769,0.000,0.000,0.000
11663,0.160,0.195,1.406,0.602,0.828,0.492,0.023,0.485,0.0169,0.0169,16804,0.032,1.427,0.987,0.826,0.012,0.230,0.007,0.0010,0.033,0.783,0.183
24888,0.313,0.776,1.657,0.672,0.905,0.158,0.000,0.842,0.2051,0.2564,21,0.000,2.143,1.000,0.905,0.048,0.000,0.036,0.0149,0.200,0.000,0.800
22905,0.375,0.671,8.459,0.843,0.995,0.569,0.001,0.431,0.1495,0.2432,20,0.058,1.648,1.000,0.995,0.000,0.104,0.000,0.0003,0.000,1.000,0.000
12845,0.520,0.380,1.200,0.760,0.900,0.667,0.056,0.278,0.0000,0.0000,-999,0.000,1.700,1.000,0.900,0.038,0.158,0.000,0.0200,0.250,0.750,0.000
21927,0.237,0.082,2.570,0.487,0.920,0.804,0.000,0.196,0.0000,0.0000,-999,0.000,4.740,1.000,0.920,0.107,0.000,0.001,0.0032,0.889,0.000,0.111
34029,0.110,0.280,1.119,0.107,1.000,0.118,0.000,0.882,0.0130,0.0130,571,0.000,1.324,1.000,1.000,0.400,0.011,0.025,0.0031,0.583,0.042,0.375
23145,1.064,0.556,21.819,0.924,1.000,0.689,0.000,0.311,0.0282,0.0282,1.5,0.000,0.647,0.000,0.000,0.000,0.000,0.000,0.0117,0.000,0.000,0.000
9555,0.268,0.648,1.279,0.530,0.918,0.268,0.018,0.714,0.0000,0.0000,-999,0.098,1.803,1.000,0.918,0.000,0.000,0.000,0.0035,0.000,0.000,0.000
9554,0.694,2.046,3.694,0.796,0.892,0.259,0.017,0.724,0.0000,0.0000,-999,0.000,1.231,0.969,0.889,0.027,0.054,0.038,0.0093,0.069,0.414,0.517
9733,0.495,1.237,1.091,0.548,0.956,0.163,0.233,0.605,0.0421,0.0561,23,0.144,0.533,1.000,0.956,0.065,0.222,0.005,0.0054,0.103,0.879,0.017
23485,1.455,0.841,4.409,0.818,0.875,0.607,0.036,0.357,0.0571,0.0571,694,0.016,2.453,1.000,0.875,0.000,0.324,0.000,0.0227,0.000,1.000,0.000
15133,2.737,3.211,7.632,0.684,0.913,0.310,0.024,0.667,0.0400,0.0400,1,0.000,0.087,1.000,0.913,0.096,0.393,0.166,0.0526,0.094,0.453,0.453
9343,1.556,0.611,3.111,0.944,0.852,0.652,0.043,0.304,0.0000,0.0000,-999,0.074,1.556,1.000,0.852,0.000,0.273,0.000,0.0556,0.000,1.000,0.000
23719,0.958,0.667,5.250,0.875,0.864,0.474,0.000,0.526,0.1429,0.1429,5.5,0.000,1.727,1.000,0.864,0.043,0.000,0.000,0.0417,1.000,0.000,0.000
7267,0.515,0.828,3.929,0.545,1.000,0.289,0.000,0.711,0.0000,0.0000,-999,0.000,0.244,1.000,1.000,0.000,0.012,0.000,0.0101,0.000,1.000,0.000
28145,0.273,1.405,6.774,0.746,0.995,0.049,0.010,0.941,0.1550,0.2084,36.5,0.044,1.498,0.951,0.995,0.000,0.127,0.003,0.0033,0.000,0.900,0.100
14961,0.199,0.089,1.087,0.739,0.844,0.750,0.028,0.222,0.0000,0.0000,-999,0.000,4.164,0.883,0.850,0.014,0.000,0.003,0.0009,0.500,0.000,0.500
18208,0.824,1.029,5.059,0.735,1.000,0.462,0.000,0.538,0.0769,0.0769,150,0.000,1.423,0.962,1.000,0.000,0.000,0.000,0.0000,0.000,0.000,0.000
26872,0.565,0.435,7.696,0.913,1.000,0.667,0.000,0.333,0.2000,0.2000,0,0.367,0.633,1.000,1.000,0.179,0.233,0.051,0.0290,0.171,0.171,0.659
6800,4.300,0.700,3.700,0.500,0.744,0.844,0.094,0.063,0.0000,0.0000,-999,0.000,0.000,1.000,0.744,0.000,0.000,0.000,0.1000,0.000,0.000,0.000
15656,0.264,0.756,1.933,0.736,0.875,0.190,0.048,0.762,0.0357,0.0357,9.5,0.000,4.250,0.819,0.898,0.063,0.000,0.000,0.0033,1.000,0.000,0.000
9747,0.469,0.143,3.000,0.551,1.000,0.762,0.000,0.238,0.0000,0.0000,-999,0.000,0.286,1.000,1.000,0.304,0.000,0.000,0.0204,1.000,0.000,0.000
7001,0.187,0.093,0.620,0.293,0.800,0.650,0.000,0.350,0.0000,0.0000,-999,0.000,0.480,1.000,0.800,0.000,0.000,0.000,0.0000,0.000,0.000,0.000
20415,5.000,4.294,4.588,0.765,0.776,0.184,0.132,0.684,0.1136,0.1136,1,0.163,1.735,0.796,0.821,0.224,0.521,0.282,0.0588,0.241,0.481,0.278
10240,0.165,0.485,6.316,0.675,1.000,0.206,0.000,0.794,0.0000,0.0000,-999,0.000,2.175,1.000,1.000,0.000,0.000,0.000,0.0000,0.000,0.000,0.000
10241,1.217,0.826,4.087,0.870,0.786,0.455,0.045,0.500,0.0000,0.0000,-999,0.000,0.536,1.000,0.786,0.036,0.105,0.011,0.0435,0.250,0.500,0.250
31892,1.059,1.731,3.361,0.933,0.908,0.323,0.121,0.556,0.0532,0.0532,9,0.110,2.101,0.028,0.333,0.000,0.000,0.000,0.0000,0.000,0.000,0.000
19405,0.451,0.221,6.124,0.867,1.000,0.725,0.020,0.255,0.0455,0.0455,49,0.000,3.451,0.961,1.000,0.000,0.000,0.000,0.0088,0.000,0.000,0.000
9186,0.200,0.193,4.586,0.657,1.000,0.593,0.000,0.407,0.0000,0.0000,-999,0.111,0.259,0.963,1.000,0.000,0.000,0.000,0.0071,0.000,0.000,0.000
21430,11.500,8.500,30.000,0.833,1.000,0.696,0.000,0.304,0.1333,0.1333,6,0.000,4.043,1.000,1.000,0.000,0.000,0.000,0.1667,0.000,0.000,0.000
33287,2.280,8.400,14.360,0.880,1.000,0.070,0.000,0.930,0.1176,0.1230,4,0.000,1.456,1.000,1.000,0.000,0.000,0.000,0.0400,0.000,0.000,0.000
18685,0.696,1.018,4.375,0.839,1.000,0.297,0.027,0.676,0.0816,0.0816,221,0.000,2.081,1.000,1.000,0.487,0.000,0.000,0.0179,1.000,0.000,0.000
24010,0.694,0.819,4.486,0.847,0.976,0.600,0.000,0.400,0.1600,0.1600,2.5,0.000,1.902,1.000,0.976,0.000,0.000,0.000,0.0139,0.000,0.000,0.000
4070,0.677,0.710,1.226,0.226,1.000,0.333,0.000,0.667,0.0000,0.0000,-999,0.000,0.571,0.095,1.000,0.000,0.000,0.000,0.0000,0.000,0.000,0.000
18922,0.492,0.984,3.587,0.905,0.935,0.207,0.000,0.793,0.1273,0.1273,4,0.000,1.839,0.968,0.967,0.032,0.000,0.111,0.0159,0.038,0.000,0.962
27136,4.375,1.500,6.000,1.000,0.906,0.690,0.069,0.241,0.0000,0.0000,-999,0.156,0.219,1.000,0.906,0.371,0.500,0.458,0.1250,0.317,0.146,0.537
30857,4.826,2.174,60.217,0.783,0.950,0.684,0.000,0.316,0.0000,0.0000,-999,0.050,0.000,1.000,0.950,0.180,0.000,0.000,0.0435,1.000,0.000,0.000
28561,0.845,0.447,4.103,0.647,0.532,0.494,0.000,0.506,0.1032,0.1097,48,0.579,0.000,1.000,0.532,0.000,0.000,0.000,0.0000,0.000,0.000,0.000
18700,1.258,0.211,4.848,0.867,0.959,0.774,0.000,0.226,0.1842,0.1842,61,0.031,2.371,0.979,0.958,0.006,0.037,0.002,0.0039,0.333,0.333,0.333
33257,0.031,0.204,4.150,0.308,1.000,0.033,0.000,0.967,0.1765,0.2086,14,0.000,0.967,0.983,1.000,0.063,0.000,0.000,0.0008,1.000,0.000,0.000
18709,0.567,1.550,2.933,0.617,0.939,0.290,0.000,0.710,0.1324,0.1324,46,0.000,4.121,1.000,0.939,0.441,0.183,0.119,0.0167,0.283,0.321,0.396
30320,0.730,4.815,48.506,0.931,1.000,0.076,0.000,0.924,0.1341,0.1865,1,0.038,4.618,0.012,1.000,0.000,0.000,0.000,0.0037,0.000,0.000,0.000
17614,3.167,1.583,3.833,0.917,0.649,0.542,0.042,0.417,0.1250,0.1250,5,0.000,1.216,0.757,0.536,0.026,0.211,0.196,0.0833,0.071,0.286,0.643
24238,0.293,0.500,3.598,0.878,1.000,0.476,0.000,0.524,0.1250,0.1250,0,0.000,2.381,0.952,1.000,0.167,0.146,0.000,0.0122,0.400,0.600,0.000
12054,7.833,2.583,4.583,0.833,0.630,0.587,0.239,0.174,0.0000,0.0000,-999,0.027,0.178,0.863,0.635,0.000,0.000,0.000,0.0833,0.000,0.000,0.000
22755,1.071,4.750,4.393,0.786,0.897,0.115,0.077,0.808,0.2717,0.2935,8,0.000,0.517,1.000,0.897,0.000,0.000,0.000,0.0000,0.000,0.000,0.000
14366,1.250,1.500,10.188,0.813,1.000,0.421,0.000,0.579,0.0000,0.0000,-999,0.000,0.105,1.000,1.000,0.950,0.208,0.061,0.0625,0.559,0.147,0.294
27473,0.538,2.543,8.178,0.650,0.998,0.134,0.000,0.866,0.0624,0.0624,60,0.000,0.675,0.004,1.000,0.000,0.000,0.000,0.0009,0.000,0.000,0.000
26387,0.227,0.523,0.682,0.364,0.950,0.316,0.053,0.632,0.1579,0.1579,32.5,0.000,4.050,1.000,0.950,0.050,0.000,0.017,0.0114,0.500,0.000,0.500
27183,1.394,0.242,8.303,0.758,1.000,0.865,0.000,0.135,0.0000,0.0000,-999,0.243,0.459,1.000,1.000,0.304,0.500,0.212,0.0606,0.184,0.053,0.763
2224,0.361,0.150,0.175,0.085,0.364,0.448,0.299,0.254,0.0000,0.0000,-999,0.000,0.250,0.027,0.400,0.000,0.000,0.000,0.0000,0.000,0.000,0.000
29409,0.364,0.219,7.781,0.662,1.000,0.744,0.000,0.256,0.0333,0.0333,6,0.000,13.070,1.000,1.000,0.256,0.010,0.001,0.0022,0.878,0.020,0.102
26194,0.522,0.200,3.044,0.756,0.917,0.667,0.030,0.303,0.0000,0.0000,-999,0.000,1.583,1.000,0.917,0.021,0.056,0.000,0.0111,0.500,0.500,0.000
30152,0.245,0.255,0.967,0.567,0.768,0.483,0.010,0.507,0.1594,0.1790,25,0.026,4.016,0.997,0.768,0.000,0.042,0.000,0.0022,0.000,1.000,0.000
16995,0.700,0.300,3.425,0.725,1.000,0.682,0.000,0.318,0.0000,0.0000,-999,0.000,2.636,0.955,1.000,0.000,0.000,0.000,0.0250,0.000,0.000,0.000
612,1.400,0.680,2.320,0.440,0.636,0.714,0.095,0.190,0.0000,0.0000,-999,0.000,0.485,0.667,0.545,0.057,0.529,0.086,0.0800,0.125,0.563,0.313
31696,0.307,0.640,2.573,0.733,0.944,0.353,0.000,0.647,0.0000,0.0000,-999,0.000,3.444,1.000,0.944,0.087,0.000,0.000,0.0133,1.000,0.000,0.000
17463,0.774,1.774,4.516,0.774,1.000,0.300,0.000,0.700,0.1379,0.1379,22.5,0.000,2.900,0.550,1.000,0.042,0.127,0.093,0.0323,0.048,0.333,0.619
12881,0.393,0.496,2.436,0.803,0.935,0.512,0.023,0.465,0.0377,0.0755,4645,0.087,0.870,1.000,0.935,0.087,0.172,0.039,0.0085,0.160,0.400,0.440
3700,9.538,0.538,5.077,0.538,0.431,0.851,0.106,0.043,0.0000,0.0000,-999,0.009,0.284,0.670,0.425,0.024,0.429,0.076,0.0769,0.273,0.273,0.455
27614,0.585,0.232,6.305,0.902,1.000,0.761,0.000,0.239,0.0625,0.0625,0,0.000,2.848,0.935,1.000,0.042,0.053,0.037,0.0122,0.091,0.045,0.864
16446,0.440,1.199,4.705,0.584,0.972,0.275,0.014,0.710,0.1972,0.2465,267.5,0.085,1.901,1.000,0.972,0.014,0.030,0.001,0.0120,0.125,0.750,0.125
2530,0.079,0.134,0.340,0.182,1.000,0.469,0.031,0.500,0.0000,0.0000,-999,0.000,0.500,0.094,1.000,0.000,0.000,0.000,0.0024,0.000,0.000,0.000
23026,0.542,0.500,1.479,0.521,0.880,0.545,0.045,0.409,0.0000,0.0000,-999,0.000,0.520,1.000,0.880,0.192,0.042,0.000,0.0208,0.833,0.167,0.000
13834,3.020,3.939,1.980,0.490,0.351,0.654,0.135,0.212,0.1597,0.5714,0,0.000,1.973,1.000,0.351,0.980,0.896,0.041,0.0204,0.450,0.537,0.012
27955,0.331,0.564,3.537,0.774,1.000,0.460,0.000,0.540,0.0253,0.0253,61.5,0.000,2.921,0.984,1.000,0.024,0.055,0.020,0.0039,0.071,0.286,0.643
21480,0.208,0.083,1.729,0.469,1.000,0.650,0.000,0.350,0.0000,0.0000,-999,0.000,1.450,1.000,1.000,0.000,0.000,0.000,0.0104,0.000,0.000,0.000
8423,0.420,0.283,1.621,0.370,0.666,0.570,0.021,0.409,0.0058,0.0058,18524,0.103,1.110,0.997,0.664,0.006,0.091,0.002,0.0027,0.087,0.826,0.087
34792,4.833,6.000,8.333,0.833,0.897,0.423,0.000,0.577,0.2000,0.2000,0,0.000,1.448,0.000,0.000,0.000,0.000,0.000,0.1667,0.000,0.000,0.000
17160,2.000,5.143,5.857,0.743,0.984,0.095,0.111,0.794,0.0296,0.0444,62,0.391,1.266,0.844,1.000,0.100,0.322,0.063,0.1429,0.090,0.744,0.167
23617,0.946,1.324,3.811,0.514,0.857,0.433,0.033,0.533,0.0698,0.0930,32,0.000,2.486,1.000,0.857,0.457,0.020,0.142,0.0270,0.432,0.027,0.541
28620,5.762,0.952,31.905,1.000,1.000,0.933,0.000,0.067,0.1765,0.1765,3,0.000,0.000,1.000,1.000,0.000,0.000,0.000,0.0476,0.000,0.000,0.000
9831,0.741,0.111,0.352,0.222,0.175,0.429,0.000,0.571,0.0000,0.0000,-999,0.000,0.575,1.000,0.175,0.350,0.000,0.000,0.0185,1.000,0.000,0.000
4981,0.392,0.241,3.152,0.848,1.000,0.586,0.000,0.414,0.0000,0.0000,-999,0.000,0.379,0.966,1.000,0.000,0.000,0.000,0.0000,0.000,0.000,0.000
31516,0.195,0.489,3.571,0.872,0.880,0.364,0.000,0.636,0.0893,0.0893,0,0.000,3.400,0.960,0.917,0.500,0.015,0.002,0.0075,0.867,0.067,0.067
7758,2.235,1.118,8.412,0.706,1.000,0.684,0.000,0.316,0.0000,0.0000,-999,0.000,0.184,1.000,1.000,0.868,0.263,0.133,0.0588,0.579,0.088,0.333
26865,0.417,0.417,0.625,0.583,0.778,0.143,0.214,0.643,0.0625,0.0625,26,0.000,1.389,1.000,0.778,0.000,0.000,0.000,0.0208,0.000,0.000,0.000
23476,0.567,2.082,6.144,0.825,0.964,0.113,0.019,0.868,0.1879,0.2000,27,0.018,3.473,1.000,0.964,0.291,0.371,0.049,0.0206,0.133,0.625,0.242
27481,0.721,1.852,3.574,0.705,0.951,0.179,0.000,0.821,0.1552,0.1897,2,0.000,3.829,1.000,0.951,0.477,0.150,0.115,0.0328,0.333,0.270,0.397
32544,1.333,0.467,3.489,0.667,0.647,0.758,0.000,0.242,0.0000,0.0000,-999,0.000,1.686,0.000,0.000,0.000,0.000,0.000,0.0444,0.000,0.000,0.000
10282,1.474,1.316,4.526,0.947,0.846,0.455,0.000,0.545,0.0000,0.0000,-999,0.000,0.000,1.000,0.846,0.250,0.040,0.012,0.1053,0.778,0.111,0.111
11275,2.239,1.087,6.130,0.870,0.953,0.720,0.012,0.268,0.0000,0.0000,-999,0.000,2.116,1.000,0.953,0.311,0.600,0.149,0.0217,0.308,0.288,0.404
9665,0.832,3.303,9.103,0.838,0.993,0.143,0.000,0.857,0.0000,0.0000,-999,0.000,2.634,0.993,0.992,0.000,0.000,0.000,0.0054,0.000,0.000,0.000
28985,4.000,7.167,23.500,1.000,1.000,0.167,0.000,0.833,0.2647,0.2647,0,0.000,1.500,1.000,1.000,0.000,0.000,0.000,0.1667,0.000,0.000,0.000
5993,0.123,0.131,0.923,0.865,0.806,0.200,0.120,0.680,0.0000,0.0000,-999,0.000,0.806,0.935,0.793,0.000,0.000,0.000,0.0000,0.000,0.000,0.000
22679,25.514,1.314,20.857,0.457,0.524,0.920,0.017,0.062,0.0000,0.0000,-999,0.000,2.953,1.000,0.524,0.979,0.848,0.616,0.0286,0.641,0.029,0.330
26362,0.258,0.266,0.621,0.129,0.960,0.417,0.000,0.583,0.0800,0.1200,3,0.080,0.560,0.680,0.941,0.344,0.576,0.351,0.0081,0.193,0.333,0.474
22673,0.257,0.277,3.264,0.808,0.906,0.540,0.024,0.437,0.1129,0.1290,42,0.000,3.763,1.000,0.906,0.175,0.006,0.000,0.0018,0.962,0.038,0.000
12536,0.116,0.056,2.328,0.166,0.933,0.571,0.036,0.393,0.0000,0.0000,-999,0.000,0.233,1.000,0.933,0.000,0.000,0.000,0.0031,0.000,0.000,0.000
8873,0.423,0.346,0.769,0.269,0.864,0.526,0.105,0.368,0.0000,0.0000,-999,0.045,0.636,1.000,0.864,0.091,0.167,0.250,0.0192,0.133,0.200,0.667
8874,0.573,0.253,4.441,0.646,0.919,0.760,0.000,0.240,0.0000,0.0000,-999,0.000,0.228,1.000,0.919,0.012,0.014,0.000,0.0035,0.667,0.333,0.000
20680,0.645,0.935,4.968,0.581,1.000,0.350,0.000,0.650,0.1818,0.3182,13,0.000,2.150,1.000,1.000,0.650,0.000,0.000,0.0645,1.000,0.000,0.000
18961,3.833,2.000,2.667,0.667,0.522,0.833,0.167,0.000,0.0909,0.0909,0,0.000,0.000,0.000,0.000,0.000,0.000,0.000,0.1667,0.000,0.000,0.000
11372,1.610,1.195,5.683,0.707,1.000,0.611,0.000,0.389,0.0000,0.0000,-999,0.463,2.352,1.000,1.000,0.030,0.000,0.009,0.0244,0.500,0.000,0.500
28136,0.376,0.218,2.180,0.801,0.824,0.671,0.029,0.300,0.0213,0.0426,13,0.047,1.765,0.871,0.824,0.000,0.259,0.012,0.0075,0.000,0.682,0.318
13255,1.295,1.016,13.525,0.574,1.000,0.489,0.000,0.511,0.0000,0.0000,-999,0.000,0.844,1.000,1.000,0.000,0.000,0.000,0.0000,0.000,0.000,0.000
24701,0.272,0.232,2.296,0.704,1.000,0.567,0.033,0.400,0.0769,0.0769,56,0.000,0.767,1.000,1.000,0.000,0.000,0.000,0.0000,0.000,0.000,0.000
13252,0.259,0.549,3.853,0.529,0.987,0.173,0.000,0.827,0.0828,0.0897,119.5,0.013,0.868,1.000,0.987,0.000,0.000,0.000,0.0000,0.000,0.000,0.000
33004,0.900,0.363,9.600,0.913,1.000,0.745,0.000,0.255,0.0400,0.0400,415,0.000,0.638,1.000,1.000,0.042,0.069,0.009,0.0125,0.250,0.167,0.583
708,0.894,0.053,1.426,0.287,0.692,0.944,0.000,0.056,0.0000,0.0000,-999,0.000,0.000,0.987,0.701,0.000,0.000,0.000,0.0106,0.000,0.000,0.000
393,0.497,0.378,4.344,0.523,0.983,0.600,0.012,0.388,0.0357,0.0580,305.5,0.041,1.363,0.890,0.981,0.008,0.092,0.018,0.0099,0.034,0.302,0.664
25681,2.091,3.091,11.273,0.818,0.976,0.293,0.000,0.707,0.0000,0.0000,-999,0.000,1.071,1.000,0.976,0.000,0.000,0.000,0.0000,0.000,0.000,0.000
16172,0.667,0.254,1.619,0.762,0.806,0.655,0.034,0.310,0.0909,0.0909,14,0.000,1.194,0.972,0.800,0.024,0.000,0.000,0.0159,1.000,0.000,0.000
29727,0.908,0.176,1.298,0.679,0.577,0.734,0.016,0.250,0.0500,0.0500,0,0.000,3.027,0.919,0.569,0.008,0.087,0.024,0.0076,0.143,0.286,0.571
12651,0.636,1.343,4.667,0.697,0.983,0.271,0.000,0.729,0.0339,0.0339,98.5,0.050,1.550,1.000,0.983,0.016,0.075,0.041,0.0101,0.033,0.333,0.633
4318,0.510,0.293,1.590,0.184,0.983,0.610,0.008,0.381,0.0000,0.0000,-999,0.000,0.725,0.642,0.974,0.328,0.186,0.066,0.0209,0.513,0.167,0.321
27145,0.803,4.500,4.132,0.684,0.983,0.186,0.017,0.797,0.0031,0.0031,532,0.000,38.817,0.967,0.983,0.574,0.865,0.000,0.0132,0.106,0.894,0.000
28410,1.568,0.591,2.409,0.841,0.636,0.679,0.000,0.321,0.0500,0.0500,17,0.000,3.455,1.000,0.636,0.000,0.000,0.000,0.0000,0.000,0.000,0.000
14448,0.447,0.511,1.957,0.723,0.938,0.200,0.133,0.667,0.0000,0.0000,-999,0.000,4.313,0.938,0.933,0.238,0.000,0.000,0.0213,1.000,0.000,0.000
25436,0.831,2.836,24.082,0.869,1.000,0.237,0.000,0.763,0.1715,0.1773,13,0.008,3.733,1.000,1.000,0.013,0.046,0.004,0.0055,0.047,0.558,0.395
28344,0.402,0.171,6.060,0.932,1.000,0.727,0.000,0.273,0.0000,0.0000,-999,0.000,2.159,1.000,1.000,0.128,0.000,0.044,0.0171,0.162,0.000,0.838
2577,2.182,0.727,2.000,0.545,0.708,0.529,0.059,0.412,0.0000,0.0000,-999,0.000,0.000,1.000,0.708,0.542,0.625,0.000,0.0909,0.722,0.278,0.000
14727,0.579,0.395,4.658,0.684,1.000,0.667,0.000,0.333,0.0000,0.0000,-999,0.000,2.333,0.333,1.000,0.000,0.000,0.000,0.0263,0.000,0.000,0.000
11594,3.067,11.800,6.333,0.867,0.970,0.188,0.031,0.781,0.0000,0.0000,-999,0.000,0.000,0.970,0.969,0.174,0.000,0.000,0.0667,1.000,0.000,0.000
30206,0.086,0.422,1.983,0.826,1.000,0.255,0.000,0.745,0.0738,0.0943,466,0.000,1.273,1.000,1.000,0.089,0.015,0.000,0.0015,0.556,0.444,0.000
17306,5.649,6.730,13.892,0.865,0.942,0.306,0.061,0.633,0.0515,0.0515,12,0.106,2.178,1.000,0.942,0.196,0.614,0.105,0.0541,0.165,0.617,0.218
26383,0.881,0.475,4.729,0.797,0.960,0.708,0.000,0.292,0.0000,0.0000,-999,0.000,7.920,1.000,0.960,0.019,0.000,0.018,0.0169,0.167,0.000,0.833
26226,0.136,0.019,0.940,0.395,0.275,0.772,0.044,0.184,0.0435,0.0435,43.5,0.565,0.000,1.000,0.275,0.001,0.000,0.000,0.0002,1.000,0.000,0.000
2595,1.438,1.114,14.868,0.863,0.991,0.574,0.002,0.424,0.0324,0.0324,30,0.033,2.683,0.976,0.991,0.203,0.311,0.115,0.0137,0.124,0.147,0.729
21231,0.520,0.480,4.280,0.880,0.974,0.526,0.000,0.474,0.0286,0.0286,1647,0.000,3.128,0.974,0.974,0.000,0.000,0.000,0.0133,0.000,0.000,0.000
9537,0.545,0.432,1.114,0.705,0.714,0.400,0.200,0.400,0.0000,0.0000,-999,0.048,0.524,1.000,0.714,0.458,0.474,0.122,0.0227,0.423,0.346,0.231
29263,1.636,1.318,11.864,0.652,1.000,0.531,0.000,0.469,0.0323,0.0323,93,0.000,3.531,1.000,1.000,0.028,0.092,0.043,0.0303,0.067,0.178,0.756
26744,0.690,0.412,0.811,0.510,0.673,0.248,0.604,0.147,0.0205,0.0259,17,0.607,0.158,0.988,0.672,0.236,0.780,0.046,0.0021,0.312,0.616,0.072
14539,3.545,2.909,4.091,0.545,0.813,0.500,0.077,0.423,0.0000,0.0000,-999,0.000,0.219,0.063,0.500,0.000,0.000,0.000,0.0909,0.000,0.000,0.000
16802,1.071,1.464,5.536,0.929,0.769,0.300,0.000,0.700,0.0000,0.0000,-999,0.000,0.423,1.000,0.769,0.000,0.000,0.000,0.0357,0.000,0.000,0.000
21283,0.949,3.000,6.077,0.974,0.919,0.265,0.000,0.735,0.2222,0.3222,1,0.027,1.595,1.000,0.919,0.162,0.256,0.004,0.0256,0.162,0.811,0.027
21286,0.710,0.258,3.645,0.806,1.000,0.818,0.000,0.182,0.1429,0.1429,1285,0.000,2.318,1.000,1.000,0.500,0.375,0.106,0.0645,0.423,0.115,0.462
29150,3.640,1.440,19.320,0.840,0.989,0.722,0.011,0.267,0.0000,0.0000,-999,0.000,2.000,1.000,0.989,1.000,0.139,0.000,0.0400,0.948,0.052,0.000
23884,0.278,0.100,0.370,0.019,0.796,0.513,0.026,0.462,0.0357,0.0357,98,0.000,13.633,1.000,0.796,0.115,0.040,0.041,0.0016,0.625,0.078,0.297
9332,0.960,0.440,0.320,0.480,0.579,0.182,0.636,0.182,0.0000,0.0000,-999,0.000,0.000,1.000,0.579,0.000,0.545,0.000,0.0400,0.000,1.000,0.000
23338,1.000,0.885,3.615,0.692,0.962,0.520,0.120,0.360,0.0455,0.0455,2,0.038,0.500,1.000,0.962,0.308,0.261,0.000,0.0385,0.571,0.429,0.000
20128,1.750,0.750,3.550,0.950,0.686,0.458,0.125,0.417,0.0000,0.0000,-999,0.000,0.000,1.000,0.686,0.114,0.067,0.042,0.0000,0.500,0.125,0.375
22801,1.227,0.364,2.136,1.000,0.741,0.800,0.050,0.150,0.0000,0.0000,-999,0.000,1.333,1.000,0.741,0.074,0.125,0.000,0.0455,0.667,0.333,0.000
11334,0.630,0.211,2.407,0.601,0.855,0.735,0.011,0.254,0.0303,0.0303,27,0.783,1.233,0.997,0.855,0.072,0.178,0.016,0.0020,0.371,0.306,0.323
27965,1.956,2.618,13.015,0.926,0.992,0.400,0.000,0.600,0.0510,0.0510,39,0.024,0.635,0.976,0.992,0.000,0.017,0.001,0.0147,0.000,0.750,0.250
11338,0.518,0.089,0.411,0.536,0.586,0.824,0.059,0.118,0.0000,0.0000,-999,0.000,1.276,1.000,0.586,0.034,0.200,0.000,0.0179,0.500,0.500,0.000
5104,3.364,15.364,1.818,0.909,1.000,0.000,0.657,0.343,0.0000,0.0000,-999,0.000,0.486,0.171,1.000,0.000,0.000,0.000,0.0909,0.000,0.000,0.000
4760,0.543,1.157,2.600,0.786,0.935,0.207,0.000,0.793,0.0000,0.0000,-999,0.000,2.032,0.903,0.929,0.553,0.160,0.027,0.0857,0.538,0.333,0.128
13212,1.667,1.500,1.750,0.417,0.632,0.000,0.083,0.917,0.0000,0.0000,-999,0.000,0.000,1.000,0.632,0.950,0.000,0.000,0.0833,1.000,0.000,0.000
3888,2.394,0.788,3.485,0.636,0.726,0.736,0.019,0.245,0.0000,0.0000,-999,0.000,0.493,0.562,0.756,0.000,0.000,0.000,0.0303,0.000,0.000,0.000
7217,0.091,0.033,0.698,0.091,1.000,0.818,0.000,0.182,0.0000,0.0000,-999,0.000,0.591,1.000,1.000,0.000,0.000,0.000,0.0041,0.000,0.000,0.000
24427,0.191,0.389,0.938,0.172,0.973,0.299,0.243,0.458,0.0966,0.1034,0,0.164,0.991,1.000,0.973,0.113,0.338,0.088,0.0068,0.092,0.557,0.351
19081,1.745,4.378,16.857,0.745,1.000,0.368,0.000,0.632,0.1644,0.2329,2.5,0.011,0.274,1.000,1.000,0.012,0.012,0.042,0.0102,0.026,0.065,0.909
32606,1.064,0.596,7.000,0.681,1.000,0.560,0.000,0.440,0.0385,0.0385,174,0.000,1.120,0.980,1.000,0.000,0.000,0.000,0.0000,0.000,0.000,0.000
11560,0.768,0.107,1.161,0.518,0.667,0.818,0.045,0.136,0.0000,0.0000,-999,0.000,0.333,1.000,0.667,0.000,0.000,0.000,0.0000,0.000,0.000,0.000
22684,2.800,5.000,8.800,0.800,0.964,0.222,0.037,0.741,0.0000,0.0000,-999,0.000,0.286,1.000,0.964,0.000,0.000,0.000,0.1000,0.000,0.000,0.000
23340,0.321,0.710,4.429,0.522,0.972,0.262,0.000,0.738,0.0720,0.0886,119.5,0.017,0.847,1.000,0.972,0.000,0.028,0.000,0.0018,0.000,1.000,0.000
9751,0.406,0.594,0.812,0.554,0.865,0.219,0.188,0.594,0.0000,0.0000,-999,0.000,2.459,1.000,0.865,0.073,0.450,0.098,0.0099,0.079,0.711,0.211
26290,1.120,0.920,2.440,0.840,0.864,0.526,0.000,0.474,0.0000,0.0000,-999,0.000,1.909,0.864,0.842,0.036,0.217,0.000,0.0400,0.167,0.833,0.000
20391,11.014,3.743,18.057,0.886,0.803,0.579,0.070,0.351,0.0556,0.0556,11.5,0.000,8.282,0.944,0.791,0.006,0.042,0.009,0.0143,0.179,0.393,0.429
22293,0.265,0.333,1.274,0.547,0.903,0.357,0.000,0.643,0.1143,0.1143,455.5,0.097,1.548,1.000,0.903,0.065,0.103,0.000,0.0085,0.333,0.667,0.000
21425,1.541,2.014,12.446,0.500,0.974,0.263,0.000,0.737,0.0000,0.0000,-999,0.000,1.462,1.000,0.974,0.263,0.047,0.018,0.0405,0.556,0.130,0.315
26593,1.576,2.106,6.727,0.924,0.920,0.407,0.037,0.556,0.0889,0.1000,263.5,0.091,1.068,1.000,0.920,0.058,0.281,0.002,0.0303,0.130,0.848,0.022
29274,0.488,0.512,4.581,0.791,1.000,0.625,0.000,0.375,0.0000,0.0000,-999,0.000,5.250,0.938,1.000,0.048,0.000,0.091,0.0233,0.053,0.000,0.947
33443,0.447,0.684,5.461,0.921,0.958,0.478,0.000,0.522,0.0000,0.0000,-999,0.000,1.292,0.000,0.000,0.000,0.000,0.000,0.0132,0.000,0.000,0.000
24638,2.000,2.400,6.467,0.733,0.911,0.510,0.000,0.490,0.0303,0.0303,26,0.089,1.018,1.000,0.911,0.200,0.014,0.010,0.0333,0.800,0.067,0.133
18527,0.267,0.080,0.440,0.507,0.700,0.643,0.071,0.286,0.0000,0.0000,-999,0.000,1.150,1.000,0.700,0.000,0.000,0.000,0.0000,0.000,0.000,0.000
33848,0.355,0.211,2.789,0.645,1.000,0.692,0.000,0.308,0.0000,0.0000,-999,0.000,2.538,1.000,1.000,0.037,0.000,0.005,0.0132,0.500,0.000,0.500
16027,0.649,1.115,1.435,0.992,0.565,0.250,0.042,0.708,0.0000,0.0000,-999,0.000,0.329,1.000,0.565,0.012,0.000,0.016,0.0076,0.250,0.000,0.750
21016,0.470,0.591,1.318,0.621,0.774,0.292,0.042,0.667,0.1471,0.1471,15,0.000,1.000,1.000,0.774,0.000,0.000,0.000,0.0000,0.000,0.000,0.000
30237,0.454,1.002,6.627,0.770,0.874,0.398,0.000,0.602,0.1465,0.2102,66,0.011,4.295,0.000,0.000,0.000,0.000,0.000,0.0000,0.000,0.000,0.000
26184,0.108,0.026,0.062,0.043,0.333,0.400,0.000,0.600,0.0000,0.0000,-999,0.000,0.000,1.000,0.333,0.000,0.067,0.000,0.0017,0.000,1.000,0.000
17839,1.636,2.227,5.318,0.864,0.944,0.294,0.000,0.706,0.1163,0.1395,11,0.389,2.222,1.000,0.944,0.444,0.510,0.171,0.0909,0.262,0.410,0.328
20264,0.316,0.025,3.205,0.410,0.938,0.950,0.000,0.050,0.1667,0.1667,0,0.000,3.766,1.000,0.938,0.018,0.000,0.002,0.0028,0.500,0.000,0.500
28515,0.520,0.340,1.740,0.760,0.750,0.467,0.000,0.533,0.0000,0.0000,-999,0.000,1.800,0.900,0.778,0.038,0.059,0.034,0.0200,0.200,0.200,0.600
7108,0.723,0.693,3.069,0.775,0.907,0.489,0.036,0.474,0.0079,0.0079,0,0.000,1.258,0.954,0.910,0.156,0.144,0.027,0.0043,0.382,0.338,0.279
27317,0.846,0.846,2.423,0.846,0.789,0.333,0.000,0.667,0.0556,0.0556,203,0.053,3.895,1.000,0.789,0.045,0.000,0.079,0.0385,0.167,0.000,0.833
16616,4.222,0.556,1.000,0.667,0.263,0.600,0.200,0.200,0.0000,0.0000,-999,0.000,1.658,1.000,0.263,0.921,1.000,0.000,0.1111,0.875,0.125,0.000
16614,1.209,0.716,1.776,0.582,0.731,0.429,0.245,0.327,0.0357,0.0357,1,0.090,1.134,0.851,0.684,0.358,0.417,0.101,0.0149,0.475,0.328,0.197
29475,0.646,3.986,8.110,0.602,1.000,0.098,0.016,0.885,0.2937,0.3704,19,0.000,2.426,0.000,0.000,0.000,0.000,0.000,0.0028,0.000,0.000,0.000
11415,0.045,0.012,0.258,0.104,0.754,0.808,0.000,0.192,0.0000,0.0000,-999,0.029,0.652,1.000,0.754,0.047,0.130,0.008,0.0005,0.364,0.273,0.364
31834,0.431,0.804,2.235,0.490,0.895,0.059,0.059,0.882,0.0000,0.0000,-999,0.000,0.474,0.895,0.941,0.000,0.000,0.000,0.0196,0.000,0.000,0.000
33227,1.056,0.597,12.258,0.758,0.992,0.744,0.000,0.256,0.1563,0.1563,10.5,0.015,1.692,1.000,0.992,0.015,0.014,0.000,0.0081,0.667,0.333,0.000
27351,1.207,2.321,8.853,0.929,0.986,0.227,0.014,0.759,0.0662,0.0728,0.5,0.084,2.559,1.000,0.986,0.023,0.012,0.014,0.0054,0.156,0.156,0.688
8251,1.889,0.667,2.333,0.500,0.667,0.682,0.045,0.273,0.0000,0.0000,-999,0.000,1.273,1.000,0.667,0.676,0.083,0.024,0.0556,0.920,0.040,0.040
12022,8.667,3.889,21.889,0.889,1.000,0.667,0.000,0.333,0.0000,0.0000,-999,0.000,6.048,1.000,1.000,0.218,0.057,0.066,0.1111,0.531,0.063,0.406
17473,0.850,0.933,2.450,0.767,0.627,0.469,0.063,0.469,0.1667,0.1667,25,0.000,0.235,1.000,0.627,0.098,0.018,0.048,0.0167,0.385,0.077,0.538
20845,10.208,9.375,35.458,0.625,0.822,0.723,0.000,0.277,0.0000,0.0000,-999,0.000,0.733,1.000,0.822,0.396,0.009,0.053,0.0417,0.674,0.014,0.313
13401,0.434,0.667,1.909,0.667,0.884,0.447,0.079,0.474,0.0154,0.0154,7284,0.000,1.930,1.000,0.884,0.000,0.000,0.000,0.0101,0.000,0.000,0.000
13369,0.510,1.078,0.686,0.294,0.885,0.087,0.261,0.652,0.0000,0.0000,-999,0.000,1.385,1.000,0.885,0.077,0.291,0.029,0.0392,0.105,0.842,0.053
26090,16.000,6.222,31.222,0.778,0.729,0.695,0.010,0.295,0.0182,0.0182,1167,0.319,1.597,1.000,0.729,0.368,0.554,0.235,0.1111,0.353,0.207,0.440
25501,1.099,0.548,4.238,0.653,0.788,0.615,0.061,0.324,0.0299,0.0299,2,0.108,1.244,0.989,0.785,0.065,0.356,0.012,0.0186,0.225,0.618,0.157
13364,0.707,0.687,3.432,0.876,0.944,0.470,0.054,0.476,0.0180,0.0180,34,0.062,2.298,1.000,0.944,0.011,0.427,0.007,0.0039,0.024,0.905,0.071
2521,5.545,14.273,2.455,1.000,0.911,0.020,0.824,0.157,0.0000,0.0000,-999,0.000,0.429,1.000,0.911,0.852,0.318,0.074,0.0909,0.500,0.481,0.019
34098,15.400,1.000,18.600,0.800,1.000,0.932,0.000,0.068,0.0000,0.0000,-999,0.000,0.027,1.000,1.000,0.000,0.000,0.000,0.2000,0.000,0.000,0.000
31593,0.098,0.314,1.540,0.213,0.983,0.356,0.017,0.627,0.2632,0.3985,163,0.017,1.250,1.000,0.983,0.167,0.161,0.000,0.0049,0.244,0.756,0.000
29690,0.380,0.590,2.670,0.680,0.944,0.294,0.029,0.676,0.1304,0.1522,68,0.000,0.861,0.944,0.941,0.000,0.000,0.000,0.0000,0.000,0.000,0.000
15686,0.558,0.789,8.204,0.662,0.946,0.697,0.001,0.302,0.1071,0.1333,8.5,0.000,1.885,0.979,0.944,0.014,0.002,0.006,0.0007,0.139,0.025,0.835
11467,3.545,0.727,5.000,0.818,0.692,0.815,0.000,0.185,0.0000,0.0000,-999,0.026,0.000,1.000,0.692,0.923,0.625,0.455,0.0909,0.545,0.076,0.379
8715,0.091,0.093,0.709,0.286,0.735,0.473,0.075,0.452,0.0217,0.0254,167.5,0.037,0.695,0.985,0.734,0.008,0.139,0.000,0.0002,0.054,0.929,0.018
20115,0.586,0.243,6.186,0.914,1.000,0.780,0.000,0.220,0.0000,0.0000,-999,0.000,2.293,0.732,1.000,0.415,0.118,0.104,0.0286,0.266,0.031,0.703
31203,3.833,4.278,9.833,0.667,0.952,0.433,0.067,0.500,0.0238,0.0238,0,0.444,0.159,0.857,0.944,0.000,0.000,0.000,0.0556,0.000,0.000,0.000
29117,6.400,5.000,17.200,0.600,1.000,0.682,0.000,0.318,0.0000,0.0000,-999,0.000,5.773,1.000,1.000,0.469,0.280,0.267,0.2000,0.333,0.156,0.511
31478,1.053,0.579,4.105,0.947,0.947,0.778,0.000,0.222,0.1000,0.1000,3,0.000,0.316,1.000,0.947,0.000,0.000,0.000,0.0526,0.000,0.000,0.000
23601,0.206,0.326,1.509,0.358,0.873,0.333,0.014,0.652,0.0901,0.1261,23,0.215,1.620,1.000,0.873,0.000,0.152,0.002,0.0026,0.000,0.950,0.050
10727,1.250,0.688,1.250,0.750,0.650,0.308,0.231,0.462,0.0000,0.0000,-999,0.000,0.200,1.000,0.650,0.550,0.455,0.250,0.0625,0.524,0.238,0.238
30941,2.078,1.667,2.980,0.353,0.586,0.559,0.118,0.324,0.0303,0.0303,0,0.121,1.759,0.000,0.000,0.000,0.000,0.000,0.0196,0.000,0.000,0.000
28900,3.478,2.217,4.739,0.783,0.691,0.447,0.026,0.526,0.0811,0.0811,4,0.000,2.436,0.000,0.000,0.000,0.000,0.000,0.0435,0.000,0.000,0.000
9376,2.524,1.429,27.714,0.810,1.000,0.553,0.043,0.404,0.0000,0.0000,-999,0.000,0.000,1.000,1.000,0.792,0.033,0.076,0.0476,0.483,0.011,0.506
8531,1.089,1.005,3.855,0.724,0.872,0.413,0.040,0.547,0.0000,0.0000,-999,0.000,2.581,0.977,0.869,0.009,0.056,0.000,0.0047,0.143,0.857,0.000
12820,0.758,1.177,5.903,0.742,0.767,0.348,0.000,0.652,0.0000,0.0000,-999,0.000,1.200,1.000,0.767,0.255,0.000,0.008,0.0161,0.800,0.000,0.200
4230,0.080,0.019,0.031,0.061,0.286,0.333,0.500,0.167,0.0000,0.0000,-999,0.000,0.571,1.000,0.286,0.429,0.400,0.000,0.0038,0.818,0.182,0.000
22244,0.811,1.566,7.100,0.851,0.987,0.271,0.044,0.684,0.1246,0.1884,33,0.346,1.908,1.000,0.987,0.022,0.286,0.003,0.0071,0.036,0.920,0.044
2416,0.054,0.035,0.175,0.046,0.942,0.523,0.108,0.369,0.0000,0.0000,-999,0.000,0.942,0.797,0.945,0.549,0.478,0.166,0.0008,0.394,0.222,0.384
27554,0.407,0.778,1.944,0.722,0.955,0.381,0.000,0.619,0.0526,0.0526,105,0.000,1.091,1.000,0.955,0.000,0.000,0.000,0.0000,0.000,0.000,0.000
13494,0.778,0.644,2.764,0.849,0.897,0.516,0.064,0.420,0.0511,0.0584,17,0.080,1.611,1.000,0.897,0.034,0.428,0.024,0.0044,0.072,0.747,0.181
20930,2.444,1.333,1.556,0.667,0.682,0.667,0.133,0.200,0.0000,0.0000,-999,0.045,0.773,1.000,0.682,0.273,0.083,0.071,0.1111,0.750,0.125,0.125
23465,1.318,4.682,9.455,0.909,0.966,0.036,0.000,0.964,0.0625,0.0729,94.5,0.000,0.931,0.966,0.964,0.759,0.262,0.019,0.0909,0.415,0.509,0.075
3820,2.945,1.418,7.345,0.782,0.622,0.464,0.072,0.464,0.0000,0.0000,-999,0.117,0.018,1.000,0.622,0.025,0.000,0.025,0.0182,0.286,0.000,0.714
9092,6.778,2.111,7.333,0.778,0.895,0.745,0.000,0.255,0.1250,0.1250,5782,0.053,0.000,1.000,0.895,0.000,0.211,0.000,0.1111,0.000,1.000,0.000
23267,0.333,0.261,2.356,0.730,0.757,0.571,0.018,0.411,0.0172,0.0172,219,0.054,1.635,1.000,0.757,0.027,0.276,0.000,0.0045,0.111,0.889,0.000
8325,2.281,0.469,4.531,0.875,0.767,0.821,0.000,0.179,0.0000,0.0000,-999,0.000,0.137,1.000,0.767,0.753,0.133,0.055,0.0313,0.846,0.031,0.123
9712,1.053,0.526,1.263,0.684,0.667,0.400,0.000,0.600,0.0000,0.0000,-999,0.000,0.467,1.000,0.667,0.000,0.000,0.000,0.0526,0.000,0.000,0.000
27034,3.444,0.889,3.056,0.833,0.525,0.688,0.063,0.250,0.0000,0.0000,-999,0.000,0.000,1.000,0.525,0.000,0.000,0.000,0.0556,0.000,0.000,0.000
4287,4.429,1.460,5.000,0.524,0.646,0.606,0.218,0.176,0.0000,0.0000,-999,0.008,3.316,0.087,0.826,0.000,0.000,0.000,0.0317,0.000,0.000,0.000
18974,0.509,0.236,5.491,0.764,1.000,0.630,0.000,0.370,0.0000,0.0000,-999,0.000,0.926,1.000,1.000,0.071,0.077,0.060,0.0182,0.095,0.048,0.857
11360,0.127,0.072,0.492,0.344,0.621,0.410,0.086,0.505,0.0000,0.0000,-999,0.012,0.118,1.000,0.621,0.035,0.680,0.036,0.0007,0.063,0.688,0.250
13228,0.472,0.228,2.689,0.800,0.941,0.838,0.000,0.163,0.0789,0.0789,0,0.024,1.824,1.000,0.941,0.047,0.049,0.004,0.0056,0.500,0.250,0.250
8960,2.800,2.867,3.733,0.867,0.861,0.258,0.194,0.548,0.0000,0.0000,-999,0.028,1.194,1.000,0.861,0.286,0.558,0.018,0.0667,0.324,0.649,0.027
20981,0.435,0.435,1.377,0.232,1.000,0.467,0.000,0.533,0.0357,0.0357,531,0.000,2.233,0.500,1.000,0.133,0.067,0.032,0.0145,0.444,0.222,0.333
22022,0.495,0.076,3.990,0.533,0.981,0.863,0.000,0.137,0.1429,0.1429,29,0.000,0.096,1.000,0.981,0.769,0.000,0.000,0.0095,1.000,0.000,0.000
30176,0.013,0.022,0.601,0.369,1.000,0.682,0.000,0.318,0.0000,0.0000,-999,0.000,1.045,1.000,1.000,0.000,0.000,0.000,0.0006,0.000,0.000,0.000
16121,0.677,1.484,3.484,0.806,0.952,0.250,0.050,0.700,0.0606,0.0606,60.5,0.000,0.476,0.952,0.950,0.048,0.065,0.000,0.0323,0.250,0.750,0.000
30173,4.706,2.706,8.353,0.824,0.821,0.609,0.047,0.344,0.0000,0.0000,-999,0.013,2.192,0.000,0.000,0.000,0.000,0.000,0.0588,0.000,0.000,0.000
15889,1.443,2.798,9.969,0.883,0.923,0.441,0.024,0.535,0.1097,0.1497,48,0.039,1.815,0.986,0.922,0.038,0.198,0.002,0.0039,0.087,0.888,0.025
15637,0.598,0.467,2.418,0.844,0.945,0.623,0.014,0.362,0.0755,0.0755,52.5,0.000,0.329,1.000,0.945,0.041,0.000,0.210,0.0082,0.046,0.000,0.954
23419,0.183,0.268,1.838,0.359,1.000,0.318,0.000,0.682,0.0400,0.0400,1,0.000,1.091,1.000,1.000,0.231,0.000,0.061,0.0070,0.273,0.000,0.727
784,0.353,1.034,5.706,0.739,0.971,0.235,0.000,0.765,0.0000,0.0000,-999,0.000,0.857,1.000,0.971,0.310,0.033,0.035,0.0252,0.317,0.098,0.585
11516,0.824,1.196,4.412,0.765,0.974,0.289,0.000,0.711,0.0000,0.0000,-999,0.026,3.821,1.000,0.974,0.595,0.180,0.142,0.0196,0.368,0.162,0.471
32251,6.462,10.538,10.692,0.692,0.567,0.471,0.059,0.471,0.0000,0.0000,-999,0.033,2.600,0.900,0.630,0.190,0.066,0.115,0.1538,0.390,0.220,0.390
19774,1.000,0.800,6.600,0.760,1.000,0.480,0.000,0.520,0.1111,0.1111,3.5,0.000,0.000,0.880,1.000,0.600,0.450,0.152,0.0400,0.306,0.184,0.510
18279,0.040,0.225,0.978,0.545,0.820,0.439,0.000,0.561,0.0132,0.0132,571.5,0.220,1.740,1.000,0.820,0.100,0.004,0.005,0.0024,0.417,0.083,0.500
18903,0.821,0.699,5.439,0.919,0.960,0.396,0.000,0.604,0.1346,0.1346,332,0.020,5.220,0.940,0.957,0.030,0.163,0.015,0.0081,0.111,0.519,0.370
17634,0.964,0.393,2.571,0.714,0.741,0.800,0.000,0.200,0.1000,0.1000,17,0.000,0.519,1.000,0.741,0.407,0.091,0.028,0.0357,0.786,0.071,0.143
30714,3.778,1.278,6.194,0.611,0.625,0.600,0.000,0.400,0.0000,0.0000,-999,0.000,3.281,0.969,0.645,0.000,0.000,0.000,0.0000,0.000,0.000,0.000
3004,0.485,0.227,1.606,0.530,0.889,0.583,0.000,0.417,0.0000,0.0000,-999,0.000,0.593,0.519,0.857,0.125,0.067,0.047,0.0152,0.400,0.100,0.500
4631,1.813,0.625,0.500,0.625,0.393,0.364,0.364,0.273,0.0000,0.0000,-999,0.000,0.821,1.000,0.393,0.138,0.200,0.750,0.0625,0.333,0.167,0.500
3166,0.224,0.040,0.362,0.167,0.629,0.818,0.091,0.091,0.0000,0.0000,-999,0.000,0.514,0.057,0.500,0.026,0.000,0.000,0.0057,1.000,0.000,0.000
32029,0.363,0.265,2.187,0.304,0.874,0.550,0.027,0.423,0.0758,0.0758,11,0.000,2.638,0.890,0.858,0.006,0.000,0.005,0.0065,0.167,0.000,0.833
16235,2.385,1.538,4.769,0.615,0.917,0.545,0.000,0.455,0.0588,0.0588,0,0.000,1.417,1.000,0.917,0.097,0.300,0.161,0.0769,0.158,0.316,0.526
19917,1.048,0.429,2.524,1.000,0.773,0.588,0.000,0.412,0.0000,0.0000,-999,0.000,1.136,1.000,0.773,0.000,0.000,0.000,0.0476,0.000,0.000,0.000
12279,3.706,12.549,8.510,0.608,0.878,0.325,0.060,0.616,0.0000,0.0000,-999,0.017,0.797,1.000,0.878,0.307,0.002,0.002,0.0196,0.967,0.017,0.017
14733,1.211,3.789,1.789,0.579,0.842,0.125,0.188,0.688,0.0208,0.0208,43,0.000,2.842,0.895,0.824,0.478,0.319,0.353,0.0526,0.239,0.500,0.261
32085,1.207,3.155,4.586,0.690,0.968,0.100,0.000,0.900,0.0952,0.0952,2,0.000,1.194,1.000,0.968,0.114,0.071,0.030,0.0172,0.276,0.448,0.276
18752,2.889,1.667,14.444,1.000,1.000,0.591,0.000,0.409,0.0000,0.0000,-999,0.000,0.000,1.000,1.000,0.000,0.000,0.000,0.1111,0.000,0.000,0.000
30274,0.721,0.442,3.791,0.907,0.962,0.800,0.040,0.160,0.0000,0.0000,-999,0.000,2.808,1.000,0.962,0.000,0.000,0.000,0.0233,0.000,0.000,0.000
6680,0.352,0.000,3.000,0.606,0.960,1.000,0.000,0.000,0.0000,0.0000,-999,0.000,0.280,1.000,0.960,0.000,0.000,0.000,0.0000,0.000,0.000,0.000
11420,0.229,0.208,5.278,0.875,0.935,0.517,0.000,0.483,0.0000,0.0000,-999,0.000,0.613,1.000,0.935,0.000,0.000,0.000,0.0000,0.000,0.000,0.000
16409,0.346,0.886,4.914,0.790,0.972,0.343,0.000,0.657,0.1408,0.1408,37,0.000,8.944,0.944,0.971,0.000,0.000,0.000,0.0031,0.000,0.000,0.000
30374,0.439,0.263,3.439,0.632,0.960,0.667,0.000,0.333,0.0714,0.0714,2,0.000,1.120,1.000,0.960,0.680,0.133,0.051,0.0175,0.586,0.069,0.345
2361,1.706,1.412,6.647,0.588,1.000,0.517,0.000,0.483,0.0000,0.0000,-999,0.000,0.897,0.862,1.000,0.000,0.000,0.000,0.2941,0.000,0.000,0.000
12860,0.337,0.384,1.779,0.651,0.966,0.393,0.036,0.571,0.0313,0.0313,0,0.276,1.586,1.000,0.966,0.069,0.303,0.013,0.0116,0.143,0.714,0.143
10319,0.695,1.270,8.676,0.819,0.994,0.396,0.013,0.591,0.0128,0.0128,38,0.006,2.763,1.000,0.994,0.000,0.012,0.000,0.0039,0.000,1.000,0.000
20895,0.520,1.820,6.767,0.526,0.977,0.286,0.011,0.703,0.1628,0.2015,69,0.070,3.243,0.997,0.976,0.023,0.051,0.008,0.0026,0.076,0.589,0.335
4275,0.980,0.220,0.740,0.780,0.510,0.720,0.040,0.240,0.0000,0.0000,-999,0.020,0.327,0.592,0.276,0.000,0.182,0.000,0.0400,0.000,1.000,0.000
10317,2.800,2.900,3.400,0.800,0.720,0.278,0.333,0.389,0.0000,0.0000,-999,0.080,0.160,1.000,0.720,0.607,0.552,0.088,0.1000,0.472,0.444,0.083
9869,0.407,0.864,3.542,0.729,0.952,0.150,0.000,0.850,0.0000,0.0000,-999,0.000,0.762,1.000,0.952,0.167,0.039,0.000,0.0169,0.667,0.333,0.000
15468,0.471,0.447,0.247,0.506,0.590,0.130,0.522,0.348,0.0690,0.1034,13.5,0.154,0.000,1.000,0.590,0.025,0.579,0.095,0.0118,0.040,0.880,0.080
25551,1.566,3.039,12.605,0.618,1.000,0.160,0.000,0.840,0.0545,0.0693,18,0.000,1.500,1.000,1.000,0.067,0.113,0.074,0.0263,0.076,0.248,0.676
4372,4.000,2.167,3.833,0.833,0.591,0.692,0.000,0.308,0.0000,0.0000,-999,0.000,0.773,1.000,0.591,0.000,0.000,0.000,0.0833,0.000,0.000,0.000
13292,3.404,0.173,13.865,0.692,1.000,0.949,0.000,0.051,0.0000,0.0000,-999,0.017,0.023,1.000,1.000,0.740,0.000,0.092,0.0192,0.665,0.000,0.335
3720,0.468,0.519,1.065,0.143,0.829,0.310,0.034,0.655,0.0000,0.0000,-999,0.000,0.771,0.657,0.913,0.556,0.225,0.390,0.0260,0.328,0.148,0.525
16422,0.170,0.362,1.066,0.596,0.872,0.333,0.045,0.622,0.1501,0.1636,2,0.000,6.167,0.993,0.871,0.000,0.007,0.000,0.0008,0.000,0.857,0.143
28306,0.202,0.078,0.456,0.223,0.788,0.692,0.000,0.308,0.0909,0.0909,383,0.000,0.182,1.000,0.788,0.000,0.000,0.000,0.0052,0.000,0.000,0.000
24509,0.346,0.494,1.346,0.765,1.000,0.227,0.045,0.727,0.1600,0.1600,275,0.091,0.682,0.955,1.000,0.036,0.375,0.018,0.0123,0.056,0.833,0.111
11732,0.903,1.629,5.493,0.799,0.975,0.298,0.009,0.694,0.0394,0.0468,19.5,0.008,0.427,0.954,0.974,0.004,0.093,0.001,0.0072,0.022,0.933,0.044
9340,2.917,1.873,2.904,0.474,0.802,0.174,0.246,0.580,0.0467,0.0467,32,0.186,8.640,1.000,0.802,0.002,0.054,0.005,0.0088,0.037,0.852,0.111
10007,0.728,0.506,3.086,0.481,0.963,0.615,0.038,0.346,0.0000,0.0000,-999,0.019,1.278,1.000,0.963,0.203,0.171,0.076,0.0123,0.316,0.184,0.500
5111,0.357,0.429,0.686,0.500,0.800,0.438,0.125,0.438,0.0000,0.0000,-999,0.000,2.950,1.000,0.800,0.000,0.000,0.000,0.0000,0.000,0.000,0.000
33182,1.742,0.710,5.000,0.903,0.870,0.681,0.000,0.319,0.0476,0.0476,0,0.000,0.222,1.000,0.870,0.000,0.000,0.000,0.0323,0.000,0.000,0.000
15574,8.500,3.136,4.091,0.727,0.500,0.125,0.063,0.813,0.0400,0.0400,14,0.000,16.500,1.000,0.500,0.144,0.058,0.000,0.0455,0.871,0.129,0.000
5883,0.324,0.124,0.771,0.552,0.667,0.682,0.000,0.318,0.0000,0.0000,-999,0.000,2.364,0.909,0.667,0.059,0.154,0.037,0.0095,0.286,0.286,0.429
3533,2.909,1.182,9.500,0.773,0.944,0.686,0.020,0.294,0.0000,0.0000,-999,0.000,0.241,0.537,0.897,0.000,0.269,0.000,0.0455,0.000,1.000,0.000
17066,0.649,1.595,4.378,0.946,1.000,0.429,0.000,0.571,0.0889,0.1111,20.5,0.048,1.667,1.000,1.000,0.333,0.068,0.019,0.0270,0.533,0.267,0.200
27028,0.434,0.880,5.012,0.795,1.000,0.333,0.000,0.667,0.0800,0.0800,0,0.000,3.333,1.000,1.000,0.056,0.000,0.000,0.0241,1.000,0.000,0.000
13810,0.754,0.338,1.138,0.631,0.612,0.533,0.100,0.367,0.0000,0.0000,-999,0.000,1.633,0.959,0.617,0.000,0.000,0.000,0.0000,0.000,0.000,0.000
23225,5.677,2.548,36.871,0.871,0.960,0.625,0.000,0.375,0.0000,0.0000,-999,0.000,0.840,1.000,0.960,0.080,0.000,0.001,0.0323,0.933,0.000,0.067
15065,1.561,2.930,6.860,0.930,0.963,0.329,0.063,0.608,0.0154,0.0154,7153.5,0.098,0.756,0.939,0.974,0.371,0.431,0.074,0.0175,0.246,0.537,0.216
26023,0.677,1.484,4.258,0.935,1.000,0.238,0.000,0.762,0.2121,0.3030,267,0.000,1.619,1.000,1.000,0.143,0.065,0.083,0.0645,0.176,0.176,0.647
16987,4.833,4.500,6.333,1.000,0.833,0.400,0.000,0.600,0.0000,0.0000,-999,0.000,3.111,1.000,0.833,0.517,0.185,0.184,0.0000,0.556,0.185,0.259
30957,1.727,1.432,8.909,0.341,1.000,0.500,0.000,0.500,0.0000,0.0000,-999,0.000,2.650,1.000,1.000,0.026,0.032,0.026,0.0455,0.143,0.143,0.714
25922,0.088,0.142,1.128,0.403,1.000,0.400,0.000,0.600,0.1034,0.1034,35,0.000,0.600,1.000,1.000,0.000,0.000,0.000,0.0044,0.000,0.000,0.000
16359,2.500,1.750,6.125,1.000,1.000,0.450,0.000,0.550,0.0833,0.0833,1182,0.000,0.000,0.750,1.000,0.150,0.000,0.041,0.1250,0.600,0.000,0.400
20382,0.859,2.641,1.500,0.859,0.945,0.019,0.231,0.750,0.1419,0.1419,22,0.000,0.636,1.000,0.945,0.036,0.154,0.146,0.0156,0.048,0.619,0.333
16511,0.793,1.517,9.310,0.717,0.981,0.301,0.000,0.699,0.1018,0.1018,13,0.000,2.229,0.933,0.990,0.000,0.000,0.000,0.0069,0.000,0.000,0.000
32205,0.399,0.702,2.986,0.680,0.975,0.380,0.000,0.620,0.1342,0.1409,21,0.000,2.012,0.963,0.987,0.000,0.000,0.000,0.0028,0.000,0.000,0.000
26845,4.500,1.250,8.250,1.000,0.781,0.720,0.000,0.280,0.1429,0.1429,0,0.000,0.000,0.906,0.862,0.000,0.000,0.000,0.1250,0.000,0.000,0.000
20575,0.765,0.412,1.765,0.882,0.808,0.810,0.000,0.190,0.0769,0.0769,22,0.000,2.423,1.000,0.808,0.000,0.000,0.000,0.0000,0.000,0.000,0.000
10461,5.000,4.500,15.500,0.833,1.000,0.448,0.000,0.552,0.0000,0.0000,-999,0.069,0.000,1.000,1.000,0.000,0.000,0.000,0.1667,0.000,0.000,0.000
11496,3.579,1.526,7.789,0.895,0.882,0.667,0.017,0.317,0.0000,0.0000,-999,0.044,0.221,1.000,0.882,0.074,0.621,0.068,0.0526,0.152,0.545,0.303
10469,1.213,0.748,10.056,0.895,0.912,0.680,0.003,0.317,0.0248,0.0396,70,0.355,1.295,0.970,0.912,0.216,0.079,0.042,0.0164,0.352,0.079,0.568
26587,0.623,0.910,15.958,0.909,0.987,0.479,0.000,0.521,0.1511,0.1736,63,0.006,3.495,0.909,0.986,0.020,0.032,0.008,0.0015,0.072,0.171,0.757
18948,1.563,6.313,6.688,0.875,1.000,0.167,0.000,0.833,0.1341,0.2073,5,0.000,0.167,1.000,1.000,0.440,0.020,0.131,0.0625,0.407,0.074,0.519
33759,0.448,0.881,3.627,0.776,0.957,0.409,0.000,0.591,0.1250,0.1250,24.5,0.000,0.870,1.000,0.957,0.100,0.085,0.045,0.0299,0.158,0.263,0.579
26782,0.157,0.222,0.974,0.086,1.000,0.647,0.000,0.353,0.1852,0.1852,30,0.000,4.735,1.000,1.000,0.013,0.028,0.054,0.0020,0.033,0.100,0.867
19540,0.948,0.995,2.461,0.723,0.818,0.439,0.088,0.473,0.1012,0.1190,119,0.000,1.110,1.000,0.818,0.000,0.000,0.000,0.0000,0.000,0.000,0.000
11786,0.763,0.922,9.429,0.800,0.987,0.463,0.006,0.531,0.0272,0.0272,1929,0.013,1.508,1.000,0.987,0.141,0.331,0.043,0.0024,0.131,0.373,0.496
20274,0.854,0.793,10.807,0.864,1.000,0.559,0.000,0.441,0.0833,0.0860,62,0.285,1.998,0.979,1.000,0.000,0.007,0.000,0.0019,0.000,1.000,0.000
12079,2.417,0.917,8.250,0.917,1.000,0.700,0.000,0.300,0.0000,0.0000,-999,0.000,1.050,1.000,1.000,0.517,0.182,0.293,0.0833,0.326,0.043,0.630
25374,0.092,0.038,0.409,0.039,0.893,0.667,0.013,0.320,0.0333,0.0333,0,0.012,3.500,1.000,0.893,0.000,0.000,0.000,0.0000,0.000,0.000,0.000
30879,0.260,0.630,0.484,0.243,0.897,0.159,0.258,0.583,0.1057,0.1057,4,0.018,1.594,0.897,0.913,0.103,0.132,0.145,0.0028,0.149,0.462,0.390
12676,0.362,0.793,4.760,0.852,0.639,0.275,0.109,0.617,0.0732,0.0992,409,0.368,1.268,1.000,0.639,0.016,0.107,0.007,0.0012,0.048,0.692,0.260
18385,12.882,1.176,30.882,0.706,0.850,0.882,0.000,0.118,0.0000,0.0000,-999,0.000,12.050,1.000,0.850,0.146,0.000,0.017,0.0000,0.780,0.000,0.220
27207,0.251,0.473,2.705,0.778,0.990,0.463,0.011,0.526,0.1892,0.2230,1,0.000,2.010,1.000,0.990,0.021,0.028,0.028,0.0052,0.056,0.139,0.806
16285,0.345,0.748,3.955,0.812,0.981,0.368,0.006,0.625,0.1047,0.1114,28.5,0.000,2.065,0.994,0.981,0.050,0.070,0.011,0.0007,0.150,0.456,0.394
17485,0.172,0.389,2.889,0.515,0.947,0.537,0.000,0.463,0.2268,0.3196,30,0.018,1.579,0.281,0.938,0.000,0.000,0.000,0.0000,0.000,0.000,0.000
21177,0.649,1.605,3.117,0.780,0.972,0.144,0.010,0.846,0.2137,0.2218,152,0.000,0.000,0.991,0.972,0.000,0.219,0.000,0.0098,0.000,1.000,0.000
23076,0.179,0.241,5.974,0.424,0.992,0.557,0.000,0.443,0.1215,0.1763,14,0.002,1.364,0.995,0.992,0.002,0.008,0.000,0.0005,0.080,0.440,0.480
13419,1.676,0.235,8.882,0.794,0.943,0.860,0.000,0.140,0.0000,0.0000,-999,0.000,0.245,1.000,0.943,0.000,0.000,0.000,0.0294,0.000,0.000,0.000
24987,0.078,0.051,0.496,0.036,1.000,0.471,0.000,0.529,0.0682,0.0682,166,0.000,0.986,0.000,0.000,0.000,0.000,0.000,0.0002,0.000,0.000,0.000
24662,0.307,0.560,3.781,0.882,0.992,0.282,0.000,0.718,0.1789,0.2000,12.5,0.008,1.384,1.000,0.992,0.960,0.018,0.002,0.0025,0.945,0.031,0.024
14469,0.951,0.341,1.846,0.740,0.728,0.627,0.027,0.347,0.0000,0.0000,-999,0.049,1.417,0.942,0.711,0.000,0.000,0.000,0.0000,0.000,0.000,0.000
21986,0.072,0.169,1.574,0.834,0.981,0.451,0.000,0.549,0.0840,0.0916,3,0.000,2.885,1.000,0.981,0.057,0.012,0.011,0.0010,0.174,0.087,0.739
11102,4.333,1.333,4.833,1.000,0.880,0.773,0.045,0.182,0.0000,0.0000,-999,0.000,0.200,1.000,0.880,0.077,0.000,0.069,0.1667,0.500,0.000,0.500
2993,1.133,1.300,11.633,0.533,0.938,0.500,0.000,0.500,0.0000,0.0000,-999,0.000,1.469,0.406,1.000,0.000,0.000,0.000,0.0333,0.000,0.000,0.000
26081,2.200,0.480,4.440,0.760,0.929,0.885,0.000,0.115,0.0000,0.0000,-999,0.000,0.750,1.000,0.929,0.382,0.083,0.009,0.0800,0.913,0.043,0.043
27993,1.293,2.268,8.049,0.878,1.000,0.346,0.000,0.654,0.0617,0.0864,1,0.000,2.442,1.000,1.000,0.000,0.000,0.000,0.0244,0.000,0.000,0.000
12783,2.500,2.125,2.625,0.750,0.941,0.125,0.313,0.563,0.0000,0.0000,-999,0.000,0.294,1.000,0.941,0.700,0.941,0.333,0.1250,0.378,0.432,0.189
32911,0.577,0.404,4.788,0.865,1.000,0.667,0.000,0.333,0.0000,0.0000,-999,0.000,1.222,0.889,1.000,0.000,0.000,0.000,0.0192,0.000,0.000,0.000
17786,0.329,0.280,5.601,0.819,0.936,0.603,0.000,0.397,0.0645,0.0645,13.5,0.013,1.769,1.000,0.936,0.150,0.029,0.003,0.0041,0.667,0.111,0.222
3030,0.296,1.045,4.836,0.167,1.000,0.297,0.000,0.703,0.0000,0.0000,-999,0.000,1.938,0.672,1.000,0.011,0.028,0.001,0.0032,0.091,0.818,0.091
4209,1.197,2.718,9.535,0.648,1.000,0.108,0.012,0.880,0.0000,0.0000,-999,0.000,0.277,0.590,1.000,0.000,0.000,0.000,0.0282,0.000,0.000,0.000
8686,1.500,0.667,1.667,0.444,0.577,0.333,0.200,0.467,0.0000,0.0000,-999,0.000,3.000,1.000,0.577,0.963,0.083,0.267,0.0556,0.743,0.029,0.229
30919,0.021,0.047,0.184,0.056,0.905,0.158,0.000,0.842,0.0278,0.0278,3,0.000,1.048,0.952,0.900,0.000,0.000,0.000,0.0009,0.000,0.000,0.000
2721,1.857,0.905,1.619,0.143,0.513,0.450,0.200,0.350,0.0000,0.0000,-999,0.000,0.179,0.026,1.000,0.000,0.000,0.000,0.0476,0.000,0.000,0.000
30614,0.197,0.101,0.341,0.038,0.438,0.571,0.143,0.286,0.0000,0.0000,-999,0.094,5.531,0.906,0.448,0.280,0.119,0.028,0.0048,0.719,0.156,0.125
28487,0.403,0.657,6.090,0.612,0.963,0.346,0.000,0.654,0.0476,0.0476,26,0.000,0.185,1.000,0.963,0.074,0.000,0.002,0.0149,0.667,0.000,0.333
28485,4.444,6.778,12.444,1.000,0.971,0.353,0.000,0.647,0.2368,0.2368,143,0.000,1.514,1.000,0.971,0.675,0.000,0.000,0.2222,1.000,0.000,0.000
9726,2.556,2.333,4.333,1.000,0.905,0.368,0.211,0.421,0.0000,0.0000,-999,0.000,0.714,1.000,0.905,0.087,0.143,0.385,0.1111,0.100,0.150,0.750
31314,0.121,0.153,1.284,0.816,0.957,0.636,0.000,0.364,0.1154,0.1154,20,0.000,0.783,0.000,0.000,0.000,0.000,0.000,0.0053,0.000,0.000,0.000
22651,0.090,0.042,0.472,0.088,0.969,0.710,0.000,0.290,0.0714,0.0714,20,0.000,0.469,1.000,0.969,0.000,0.000,0.000,0.0028,0.000,0.000,0.000
32486,0.813,0.594,1.438,0.625,0.682,0.400,0.067,0.533,0.0833,0.0833,232,0.000,0.864,0.136,1.000,0.000,0.000,0.000,0.0313,0.000,0.000,0.000
22221,0.935,2.190,14.926,0.842,0.972,0.300,0.029,0.670,0.0947,0.1085,34,0.030,2.717,0.996,0.971,0.002,0.010,0.000,0.0046,0.063,0.938,0.000
9082,0.117,0.054,1.073,0.347,0.938,0.700,0.000,0.300,0.0000,0.0000,-999,0.000,0.125,1.000,0.938,0.081,0.059,0.000,0.0032,0.750,0.250,0.000
30084,2.875,2.750,4.125,1.000,0.889,0.250,0.125,0.625,0.1000,0.1000,0,0.000,1.333,1.000,0.889,0.391,0.000,0.000,0.1250,1.000,0.000,0.000
10782,0.815,0.370,2.519,0.889,0.909,0.600,0.050,0.350,0.0000,0.0000,-999,0.000,0.045,1.000,0.909,0.136,0.000,0.015,0.0370,0.750,0.000,0.250
7100,0.019,0.015,0.256,0.110,0.784,0.526,0.032,0.442,0.0000,0.0000,-999,0.134,0.503,0.994,0.783,0.000,0.000,0.000,0.0001,0.000,0.000,0.000
27535,0.591,0.864,5.455,0.742,0.973,0.500,0.028,0.472,0.0204,0.0204,4,0.000,1.162,1.000,0.973,0.128,0.140,0.083,0.0152,0.116,0.186,0.698
19163,0.452,0.155,0.917,0.226,0.842,0.625,0.000,0.375,0.0000,0.0000,-999,0.000,1.316,1.000,0.842,0.500,0.000,0.299,0.0119,0.452,0.000,0.548
18868,0.068,0.022,0.301,0.119,0.931,0.808,0.005,0.187,0.1615,0.1615,11,0.000,1.966,0.009,1.000,0.000,0.000,0.000,0.0003,0.000,0.000,0.000
22310,0.338,0.378,4.876,0.836,0.955,0.641,0.000,0.359,0.1667,0.2500,34.5,0.000,1.522,1.000,0.955,0.103,0.000,0.000,0.0050,1.000,0.000,0.000
2672,0.295,0.384,2.804,0.732,1.000,0.323,0.000,0.677,0.0000,0.0000,-999,0.000,0.710,0.484,1.000,0.030,0.093,0.051,0.0089,0.048,0.190,0.762
28547,2.692,0.538,1.462,0.615,0.565,0.538,0.231,0.231,0.0000,0.0000,-999,0.043,0.609,0.000,0.000,0.000,0.000,0.000,0.0769,0.000,0.000,0.000
24761,1.152,1.033,8.033,0.900,0.984,0.612,0.005,0.383,0.0538,0.0538,196,0.038,0.000,1.000,0.984,0.053,0.018,0.007,0.0190,0.448,0.138,0.414
24766,0.283,0.103,0.715,0.713,0.573,0.770,0.021,0.210,0.0305,0.0305,15.5,0.000,4.729,0.998,0.572,0.000,0.000,0.000,0.0000,0.000,0.000,0.000
27004,0.933,3.583,6.233,0.892,0.971,0.182,0.000,0.818,0.1644,0.1745,3,0.382,1.686,0.892,0.989,0.009,0.009,0.015,0.0167,0.063,0.250,0.688
27596,0.525,0.653,6.436,0.792,0.941,0.500,0.021,0.479,0.0667,0.0667,114,0.000,2.294,1.000,0.941,0.151,0.000,0.000,0.0099,1.000,0.000,0.000
15727,11.583,10.167,30.250,1.000,0.967,0.405,0.043,0.552,0.0779,0.0909,854.5,0.017,3.850,1.000,0.967,0.525,0.344,0.275,0.0833,0.340,0.195,0.465
15728,13.800,5.200,1.400,0.600,0.609,0.071,0.643,0.286,0.0000,0.0000,-999,0.000,2.304,0.826,0.684,0.000,0.000,0.000,0.2000,0.000,0.000,0.000
14387,0.714,1.048,11.738,0.929,1.000,0.400,0.018,0.582,0.0000,0.0000,-999,0.036,3.055,0.964,1.000,0.000,0.023,0.000,0.0119,0.000,1.000,0.000
22130,1.302,0.465,5.953,0.907,0.821,0.739,0.022,0.239,0.1875,0.2500,0,0.000,0.839,1.000,0.821,0.589,0.250,0.066,0.0233,0.600,0.091,0.309
14631,2.152,0.364,5.576,0.667,0.677,0.818,0.023,0.159,0.0000,0.0000,-999,0.000,0.015,1.000,0.677,0.901,0.000,0.049,0.0303,0.877,0.000,0.123
29094,0.354,0.362,3.720,0.456,0.929,0.410,0.013,0.577,0.0704,0.0704,19,0.024,6.298,1.000,0.929,0.000,0.020,0.000,0.0036,0.000,1.000,0.000
18699,0.577,0.319,6.696,0.765,0.959,0.735,0.000,0.265,0.0600,0.0600,318.5,0.000,1.055,0.986,0.963,0.009,0.016,0.026,0.0026,0.028,0.028,0.944
23679,5.067,9.867,12.133,0.667,0.971,0.182,0.030,0.788,0.0484,0.0484,67,0.000,2.824,1.000,0.971,0.000,0.000,0.000,0.0667,0.000,0.000,0.000
24619,1.244,0.769,24.269,0.821,0.979,0.652,0.000,0.348,0.0000,0.0000,-999,0.000,1.362,1.000,0.979,0.000,0.000,0.000,0.0128,0.000,0.000,0.000
15157,0.125,0.180,2.147,0.255,0.993,0.443,0.000,0.557,0.0611,0.0631,10,0.019,0.890,0.974,0.993,0.018,0.149,0.000,0.0003,0.076,0.905,0.019
33512,2.510,0.224,11.510,0.837,1.000,0.854,0.000,0.146,0.1000,0.1000,1,0.000,0.104,1.000,1.000,0.000,0.000,0.000,0.0000,0.000,0.000,0.000
32187,0.453,1.017,1.140,0.326,0.778,0.048,0.000,0.952,0.0674,0.0674,107.5,0.000,0.000,0.667,1.000,0.028,0.042,0.033,0.0085,0.136,0.455,0.409
30311,0.561,0.953,11.648,0.822,0.985,0.372,0.000,0.628,0.2153,0.2986,0,0.099,1.809,0.962,0.984,0.000,0.000,0.000,0.0040,0.000,0.000,1.000
22044,1.050,0.250,4.750,0.750,1.000,0.762,0.000,0.238,0.0000,0.0000,-999,0.000,3.238,1.000,1.000,0.000,0.000,0.000,0.0500,0.000,0.000,0.000
7641,0.253,0.456,1.152,0.405,0.824,0.286,0.071,0.643,0.0000,0.0000,-999,0.000,0.176,1.000,0.824,0.000,0.000,0.000,0.0127,0.000,0.000,0.000
25381,1.147,0.324,5.824,0.794,0.931,0.778,0.000,0.222,0.1429,0.1429,0,0.000,0.241,1.000,0.931,0.128,0.091,0.040,0.0294,0.357,0.071,0.571
26233,0.293,0.602,1.930,0.784,0.951,0.414,0.034,0.552,0.0766,0.1005,9.5,0.131,3.139,0.590,0.972,0.000,0.309,0.000,0.0047,0.000,1.000,0.000
12187,1.818,0.386,4.795,0.636,0.833,0.760,0.000,0.240,0.0000,0.0000,-999,0.000,2.400,1.000,0.833,0.000,0.000,0.000,0.0227,0.000,0.000,0.000
15655,0.344,0.488,1.405,0.651,0.833,0.700,0.025,0.275,0.0000,0.0000,-999,0.000,6.646,0.917,0.818,0.000,0.000,0.000,0.0047,0.000,0.000,0.000
5340,0.747,0.242,1.879,0.604,0.809,0.709,0.018,0.273,0.0476,0.0476,287,0.000,0.897,1.000,0.809,0.029,0.045,0.099,0.0110,0.100,0.050,0.850
31707,1.944,5.278,7.722,0.667,1.000,0.057,0.000,0.943,0.1084,0.1325,4,0.000,0.829,1.000,1.000,0.029,0.000,0.000,0.0556,1.000,0.000,0.000
27440,0.690,0.690,4.448,0.862,1.000,0.550,0.000,0.450,0.1250,0.1250,146,0.000,0.650,1.000,1.000,0.250,0.050,0.124,0.0345,0.227,0.045,0.727
24019,1.596,1.538,6.904,0.654,0.941,0.516,0.016,0.469,0.0385,0.0577,30,0.015,0.941,1.000,0.941,0.349,0.438,0.011,0.0192,0.426,0.515,0.059
17953,1.248,2.195,19.826,0.812,1.000,0.339,0.006,0.655,0.1417,0.1583,20.5,0.000,1.983,1.000,1.000,0.000,0.000,0.000,0.0067,0.000,0.000,0.000
17952,1.295,1.341,4.716,0.114,0.780,0.465,0.000,0.535,0.0000,0.0000,-999,0.000,0.549,1.000,0.780,0.596,0.458,0.227,0.0114,0.315,0.250,0.435
20242,0.800,0.160,0.960,0.587,0.525,0.677,0.065,0.258,0.0000,0.0000,-999,0.458,2.017,0.983,0.517,0.000,0.000,0.000,0.0000,0.000,0.000,0.000
20247,0.186,0.839,1.839,0.492,1.000,0.182,0.000,0.818,0.0778,0.0889,166,0.000,0.909,1.000,1.000,0.091,0.000,0.009,0.0085,0.500,0.000,0.500
7283,1.070,0.279,8.140,0.721,0.974,0.757,0.000,0.243,0.0000,0.0000,-999,0.000,0.289,1.000,0.974,0.000,0.583,0.000,0.0233,0.000,1.000,0.000
7285,2.947,0.421,6.421,0.684,0.800,0.875,0.000,0.125,0.0000,0.0000,-999,0.000,0.800,1.000,0.800,0.000,0.000,0.000,0.0526,0.000,0.000,0.000
27875,1.550,3.050,6.000,0.650,1.000,0.179,0.036,0.786,0.0217,0.0435,17,0.000,0.143,1.000,1.000,0.000,0.000,0.000,0.0500,0.000,0.000,0.000
19834,0.619,1.042,9.788,0.788,1.000,0.388,0.000,0.612,0.1006,0.1361,11,0.000,1.569,0.966,1.000,0.000,0.000,0.000,0.0053,0.000,0.000,0.000
16827,0.516,0.074,1.547,0.568,0.977,0.907,0.000,0.093,0.2000,0.2000,63,0.000,4.568,1.000,0.977,0.224,0.571,0.313,0.0105,0.180,0.066,0.754
18135,1.158,1.526,0.789,0.211,0.682,0.400,0.000,0.600,0.0000,0.0000,-999,0.000,1.136,1.000,0.682,0.818,0.897,0.933,0.1053,0.310,0.448,0.241
25246,0.214,0.194,2.031,0.786,1.000,0.647,0.000,0.353,0.0000,0.0000,-999,0.000,5.882,1.000,1.000,0.524,0.000,0.000,0.0102,1.000,0.000,0.000
21143,0.486,0.362,2.222,0.584,0.956,0.523,0.000,0.477,0.0469,0.0469,373,0.000,0.733,1.000,0.956,0.000,0.000,0.000,0.0000,0.000,0.000,0.000
4276,0.404,0.000,0.562,0.247,0.714,1.000,0.000,0.000,0.0000,0.0000,-999,0.000,0.171,0.286,0.300,0.056,0.000,0.020,0.0112,0.667,0.000,0.333
26884,1.113,2.645,9.099,0.725,0.997,0.352,0.003,0.645,0.1324,0.1757,72,0.000,1.000,1.000,0.997,0.466,0.007,0.000,0.0030,0.961,0.033,0.006
7296,0.018,0.042,1.344,0.141,0.913,0.381,0.000,0.619,0.0000,0.0000,-999,0.000,2.435,1.000,0.913,0.207,0.000,0.000,0.0006,1.000,0.000,0.000
11071,1.620,0.360,5.840,0.600,0.833,0.680,0.000,0.320,0.0000,0.0000,-999,0.000,1.500,1.000,0.833,0.000,0.000,0.000,0.0000,0.000,0.000,0.000
28274,0.458,0.762,2.046,0.494,0.900,0.030,0.247,0.723,0.0303,0.0303,26,0.038,1.287,0.034,0.889,0.000,0.000,0.000,0.0015,0.000,0.000,0.000
30725,0.671,0.658,27.658,0.986,1.000,0.510,0.000,0.490,0.0000,0.0000,-999,0.020,3.122,1.000,1.000,1.000,0.042,0.010,0.0137,0.681,0.028,0.292
24866,1.612,0.612,3.857,0.878,0.811,0.558,0.000,0.442,0.0000,0.0000,-999,0.000,0.302,1.000,0.811,0.152,0.100,0.143,0.0000,0.286,0.071,0.643
29176,5.200,4.400,4.200,0.400,0.769,0.450,0.150,0.400,0.0000,0.0000,-999,0.077,1.692,1.000,0.769,0.000,0.000,0.000,0.2000,0.000,0.000,0.000
9426,48.890,115.482,90.965,0.496,0.930,0.112,0.112,0.776,0.0143,0.0143,1.5,0.052,109.017,1.000,0.930,0.000,0.002,0.000,0.0175,0.017,0.932,0.051
5162,0.759,1.446,15.128,0.808,0.987,0.419,0.005,0.576,0.0575,0.0853,25,0.029,1.529,0.935,0.986,0.000,0.035,0.001,0.0084,0.000,0.857,0.143
5165,1.471,0.471,1.294,0.294,0.708,0.647,0.059,0.294,0.0000,0.0000,-999,0.000,0.750,0.792,0.789,0.000,0.000,0.000,0.0588,0.000,0.000,0.000
2582,3.952,0.857,21.333,0.857,0.987,0.808,0.000,0.192,0.0000,0.0000,-999,0.000,0.772,1.000,0.987,0.012,0.611,0.016,0.0952,0.053,0.579,0.368
15271,1.211,0.658,1.658,0.553,0.641,0.600,0.080,0.320,0.0000,0.0000,-999,0.000,2.308,0.949,0.622,0.391,0.440,0.000,0.0263,0.621,0.379,0.000
17171,1.019,0.114,6.229,0.819,1.000,0.895,0.000,0.105,0.0000,0.0000,-999,0.000,0.193,1.000,1.000,0.009,0.000,0.002,0.0095,0.500,0.000,0.500
19337,0.559,0.458,1.085,0.373,0.967,0.345,0.103,0.552,0.0000,0.0000,-999,0.033,1.133,1.000,0.967,0.212,0.630,0.188,0.0339,0.194,0.472,0.333
22829,0.383,0.235,1.000,0.383,1.000,0.419,0.000,0.581,0.0000,0.0000,-999,0.000,1.581,1.000,1.000,0.032,0.000,0.000,0.0123,1.000,0.000,0.000
27191,0.906,0.453,4.264,0.698,1.000,0.733,0.000,0.267,0.0000,0.0000,-999,0.067,6.933,1.000,1.000,0.021,0.167,0.018,0.0377,0.111,0.444,0.444
10373,0.067,0.123,0.457,0.133,0.965,0.236,0.055,0.709,0.0145,0.0242,20,0.219,1.193,1.000,0.965,0.326,0.502,0.090,0.0005,0.176,0.494,0.331
17584,1.885,2.115,4.000,0.923,0.667,0.313,0.063,0.625,0.2857,0.3095,0,0.000,1.208,1.000,0.667,0.673,0.109,0.010,0.0385,0.825,0.150,0.025
19127,16.875,7.125,12.875,1.000,0.567,0.265,0.059,0.676,0.0213,0.0213,44,0.083,2.400,1.000,0.567,0.378,0.298,0.223,0.1250,0.560,0.187,0.253
28757,1.800,1.133,2.267,0.933,0.739,0.529,0.294,0.176,0.1000,0.1000,4,0.000,0.174,0.696,0.750,0.000,0.000,0.000,0.0667,0.000,0.000,0.000